{
  "log_resid_quantiles": {
    "5": -0.6942672284846338,
    "10": -0.5218371753845872,
    "25": -0.23706336343336432,
    "50": 0.01630068602967505,
    "75": 0.2565237661388675,
    "90": 0.48201211811438077,
    "95": 0.643214737226971
  },
  "lo_key": "10",
  "hi_key": "90",
  "interval_level": 0.8,
  "note": "lower=expm1(log1p(pred)+q10), upper=expm1(log1p(pred)+q90)"
}